protein,degree,eigenvector,katz,page rank,betweenness,subgraph,closeness
1,3.974223007082857,0.002977674700862656,0.05861301517539815,0.003187308502167358,0.0009545400310225511,846353580.4156225,4.36678699179409
2,7.3684363155711265,0.016753071277555598,0.0586329311051267,0.004015489315114048,0.0010499940341248061,5503682657.583192,4.549127450018798
3,10.765709537444897,0.2359967112061913,0.05865286850822223,0.004900708273099832,0.0,6015706719.431246,4.973830679719972
4,0.6636087127158555,0.0009416205947362571,0.0585936093865644,0.0009338417813562468,0.0,35244357.66138823,3.6211676783027396
5,3.285434634458902,0.0013757114904648874,0.058608979882050875,0.0025926624488864063,0.0,142646320.86144337,3.289829560870867
6,10.07249789320195,0.021145708943463,0.058648795795118586,0.005214731722527612,0.0,13808870126.991453,3.948795876521686
7,4.619858151992113,0.00198166888793413,0.05861680246226393,0.003544725591501178,0.0,390908876.9466812,3.299565596164811
8,6.81330949325056,0.01241150142303511,0.058629678762924985,0.0038682561175358574,0.0,5133186471.493078,4.624783786041215
9,6.2939417513122695,0.014070510913406078,0.05862663550842637,0.003465818460232678,0.0,10580450019.650318,5.021855434481302
10,7.779482902319455,0.020600107053505123,0.05863532641580048,0.005272362046602562,0.00011931750387781889,3967823309.9379635,4.564434451626558
11,0.2522546897546898,0.0002895590961170753,0.058591198056995517,0.0006675099395746885,0.0,193198157.97598097,4.771629933452516
12,8.930439150810306,0.20092405600207774,0.05864210442887922,0.0040860500697606755,0.0,3363074422.340874,4.682857226940369
13,4.534465197609465,0.00369139279308703,0.058616302403918324,0.003310207414563602,0.00014318100465338264,1850520847.9952183,4.696533961178617
14,6.800427501217994,0.004397586157448169,0.058629581389647425,0.004962173538532009,0.0,1556525901.4902737,3.7197733834887816
15,2.182269736842105,0.001657943843884472,0.05860251173397728,0.0018905430710073493,4.772700155112755e-05,522086149.7443789,3.6838500366498157
16,0.7210135867300158,0.0004128932379014589,0.05859394570310021,0.0010443829535475568,0.0,39410346.964943,2.743732431606559
17,5.893330778018279,0.005210086658800755,0.058624262005083146,0.004781985367836085,0.00014318100465338264,1635918894.485639,4.018064139651619
18,0.08016877637130802,1.898928320708495e-05,0.0585901889043625,0.0005825482450244458,0.0,3743220.961580995,3.8373132052812013
19,0.08860759493670887,5.0192504631128154e-05,0.05859023837181682,0.000580510715401416,0.0,9036738.922091039,4.013695958750071
20,1.8077651515151516,0.0011296726259447647,0.058600315985583906,0.0017355960741937545,0.0,156450232.767639,3.9012424643704597
21,11.572660939719256,0.0251635591513109,0.058657593790153596,0.0059024755733661565,0.0,12726314949.752914,4.3102613187190695
22,2.0638478407687844,0.010308780125013147,0.058601818260948714,0.0019009216031021213,0.001598854551962773,375624389.31325305,4.410274808903189
23,2.495458865648961,0.0027746240122618654,0.05860434780792829,0.0022299139965689537,4.772700155112755e-05,303612840.53382397,4.205388558005766
24,6.283273516488649,0.011684475070568372,0.05862656665922604,0.003647789408807175,0.0,8430127826.993359,4.415294883689464
25,3.4555702167038196,0.002031395404066664,0.058609979001325155,0.0026061387751329847,0.0001909080062045102,337230578.72980434,4.3058927841009424
26,1.9245539370539373,0.0009656621397238702,0.05860099884947807,0.0019251538151625754,0.0,172031070.42591268,3.330132175708216
27,10.244008748674968,0.22841587984323747,0.05864980835437607,0.0046444256947723046,0.0,3643234322.6358123,4.851919845269789
28,9.800141900102677,0.21386207280386127,0.058647203932221684,0.004540771443267177,0.0011454480372270611,3764677037.5302415,4.965668385306082
29,2.371649591224262,0.0012293225211875583,0.05860362018695272,0.002197655705615917,0.00033408901085789285,232288812.2731573,4.167833384030021
30,5.540000248546312,0.0042560704633168855,0.058622191390181905,0.004258416815428468,0.0013363560434315714,1732310583.6438346,4.438369151255699
31,0.0871559633027523,2.0644312477427215e-05,0.05859022986039405,0.0005882634333497349,0.0,3743220.9615809927,3.7371147909681777
32,0.2573876786929884,0.00031567162002754396,0.05859122795816765,0.0006766560940420668,0.0,64969053.985345125,4.414202833095437
33,4.775012695380728,0.009623461573188651,0.058617723874241585,0.002740110533897274,0.0,8339493628.274247,4.717128435102472
34,6.838664984808728,0.022878565382659227,0.05862983416451793,0.003595184753598186,0.0,3727597509.1273527,5.083688817177032
35,0.40335661754266405,0.00040983895364321186,0.0585920841178143,0.0007587986354306756,0.0,103690889.70099397,4.638806916092655
36,1.5218699412084702,0.0019977899840017727,0.05859864108121731,0.001443596865568786,2.3863500775563776e-05,305454265.6860988,3.688535362319839
37,1.6664525549221159,0.000634694892590958,0.05859948596001928,0.0018235283830295137,0.0006681780217157857,247806819.29931417,4.7578638946055065
38,1.2289734916379653,0.006735964464886903,0.058596926493560846,0.0011639098199836084,0.00011931750387781889,385360431.9379089,3.8760849556228116
39,10.695763442888415,0.03494098841153969,0.05865245679241147,0.005321163699614009,0.0003818160124090204,3437645954.6472178,4.391151895949283
40,6.501079051567463,0.013320579386017706,0.058627841467292226,0.003833459142382303,0.0011215845364514975,17045056663.355198,5.1025819588058345
41,4.046625406197963,0.003999006064443348,0.05861344305402804,0.003052478554747294,0.0,1588933348.3973331,4.60361939603209
42,8.349915568175698,0.1810064080619605,0.05863869764810125,0.003882282715457019,0.0021954420713518673,3146628484.112869,5.556745354954075
43,9.773183187650467,0.042595982069266444,0.0586470199552498,0.005686937087332358,2.3863500775563776e-05,6127915366.879745,5.036879116573974
44,1.2038959867442147,0.002159120084123774,0.05859677619599955,0.0013524313610410077,0.0,399341954.2524135,4.803656953164014
45,2.3514887916616725,0.0011733247905885247,0.058603501705686435,0.0021767896563587193,0.000429543013960148,412193906.8306199,3.6020302325501055
46,3.74195938416202,0.001432099039128807,0.05861165444965797,0.0029323880298153977,0.0,311642282.0423987,4.349963839750365
47,3.753448348192689,0.08478235224741162,0.05861173555576951,0.002091004901521121,0.00016704450542894643,2015626841.1460342,4.222065607138828
48,3.431852318876072,0.003871039923022855,0.058609838988125496,0.002582726678658896,0.0,2370976124.62413,4.479611986892873
49,0.12820512820512822,6.757575362326716e-07,0.05859047018838019,0.0008219879302395591,0.0,3666.729147594605,2.5992656834320216
50,7.914484223750446,0.02572601748936657,0.05863614284920439,0.004061143003770518,0.0,3581844925.264377,4.847853276061222
51,0.07772020725388601,5.18992695333269e-05,0.05859017453696424,0.0005714269714601545,0.0,5223922.2139722705,4.138229855280249
52,2.87516115120659,0.00625936152958292,0.05860658316408112,0.0018950727622859187,2.3863500775563776e-05,6085445170.014769,5.08788622367589
53,3.0201208038398137,0.004241621683626781,0.058607425364682234,0.002399075340602496,2.3863500775563776e-05,306678809.27570707,3.029237591257618
54,3.2575430239868686,0.0056810652641206905,0.05860881680149427,0.00240145356788479,0.0,2057458385.53055,5.051510430104616
55,1.0843325006163316,0.00047770163126003646,0.058596075006517374,0.0012549311438343224,0.0,59394318.93821492,3.0181742979975525
56,6.991844456943702,0.019133654252529116,0.058630726519643524,0.00374507850919357,0.0,15010037615.912506,4.7775954040702
57,0.13934426229508198,0.0001253711858015219,0.058590535900812354,0.0006049908643803094,0.0,3090082.8869788665,2.957465410114003
58,2.096551171690631,0.0015001344135483498,0.058602008588258,0.0019439384630584185,0.0,241061610.08667874,3.4434398290979185
59,4.518710006080095,0.0051070208679411715,0.05861621037341986,0.0032797922208072884,0.008137453764467248,6317003969.973726,5.380116952125921
60,2.9276252940460314,0.01521801039196452,0.05860688617036061,0.002009997236260345,7.159050232669132e-05,1815872211.842935,4.959526207955873
61,3.9480422561063917,0.008645271241256618,0.05861286269670945,0.003012682475052428,9.54540031022551e-05,566861789.7293602,3.814091840899508
62,4.426442561741515,0.014285122076261356,0.058615668145494675,0.0030371833377352223,0.0,3395032732.4864435,5.528544639525868
63,10.656321471525043,0.021950714298403073,0.05865221981309411,0.005531895167144009,0.0,10957154637.307873,3.7207817991557794
64,6.682041392769061,0.020204016073942704,0.05862891015108194,0.00363559483808546,0.00011931750387781889,1364280347.621201,3.542165214861964
65,11.409829103930479,0.022655439565505843,0.05865663698045468,0.00597171825353468,0.000859086027920296,22603743447.95223,5.723665572834226
66,12.021055279620803,0.2699057825493281,0.05866023165351604,0.005371323304312992,0.000214771506980074,2879390684.450547,4.899582079764849
67,1.0061941820736837,0.0018952805776303702,0.05859561986885273,0.0010174334662477,0.00023863500775563777,242921541.00570446,4.05501050261627
68,4.79679342887735,0.042460482755645186,0.05861784708197997,0.002950807837816923,0.007779501252833791,6436193184.730779,5.936382359154478
69,3.773625328312754,0.041329871210616154,0.058611849369330865,0.002305409884020241,0.00107385753490037,5028146992.301597,5.13031655523264
70,2.023479909649765,0.00476736011598073,0.05860158117785541,0.0017649623075833675,0.0027204390884142705,508133057.12309307,4.750559889262508
71,1.6422989239722479,0.005430622144032074,0.05859934923895977,0.0013686301064452528,0.0,712318502.3142821,4.556265563025661
72,9.216252821600225,0.04227880594718376,0.05864375834914883,0.005659628547501206,7.159050232669132e-05,5850823467.77749,4.647737274869759
73,0.7081038600773335,0.0005713907474029007,0.05859386999267312,0.0010320602064843054,0.002457940579883069,196425922.86356178,4.691813797712328
74,11.500887172630087,0.23449085330377148,0.05865717773558384,0.0052716501595208905,0.0007397685240424771,8908635555.541096,5.4825389712574815
75,0.09192200557103064,6.452930154138418e-05,0.05859025774035552,0.0005774302927009993,0.0,9448802.69786098,3.7950340489630623
76,6.536021493761618,0.014241842262945498,0.05862805403612692,0.003571956186296363,0.0,8941866033.487705,4.966709079717267
77,0.7756454271925481,0.001461376035434456,0.058594267285775506,0.0009436342447309155,0.0,109542945.83864567,3.623031941254283
78,1.0188976418815128,0.00083421644563229,0.05859569245363824,0.0012006872167818323,0.0,163711589.6698961,2.813032207093904
79,0.5435828935159177,0.003859407857246726,0.058592905882992215,0.0008477669268265886,0.00107385753490037,83674809.6901105,4.338671783216088
80,6.0194465656484235,0.015475400088122298,0.058625019307998114,0.003472787731133617,0.0001909080062045102,2427344137.336451,4.218021503072728
81,5.040285600698095,0.007538165751380799,0.058619271717551165,0.003277990241177633,0.00033408901085789285,8154908731.487095,5.107222087433857
82,3.6611929018162073,0.0033374814458646336,0.05861118194213802,0.002766085345048537,0.0009784035317981147,2923708668.157798,4.913513857901835
83,12.486670962646947,0.025366682355987557,0.058662941426409376,0.006532116101886138,0.002350554826393032,23402607313.126545,5.116668636325759
84,6.369555321673616,0.014637397946418796,0.05862707364244657,0.00362310149714998,0.0013244242930437896,12575522364.463509,5.157843508331848
85,16.038804692994706,0.03363573300519985,0.058683786363696845,0.00784137114988707,0.002792029590740962,17355444112.584763,5.4410510345366205
86,0.9205192027449293,0.0009187915059001591,0.05859511526674232,0.001079839110806236,0.002052261066698485,336578825.5053589,5.377127530211882
87,4.132621510077848,0.01419835605609369,0.05861395229054249,0.002792039975115631,0.0015749910511872092,7598528716.770833,5.252341554442276
88,6.128454275360353,0.011601773169255005,0.05862566111396116,0.003396666810454119,0.0,10321813319.404148,4.177826347213901
89,1.084777996849608,0.0012180569860568702,0.058596078584712614,0.0011694870539875964,0.0,644650562.6581107,4.254632609139772
90,1.4731420744269295,0.005404558047533985,0.058598360895233896,0.0011999953039850716,0.0,74315825.44877572,2.577700652731617
91,6.785883373583695,0.02384074514982392,0.058629505909343474,0.004130062489767837,0.0006204510201646582,4022099253.497524,5.1413816787891875
92,4.056724242195734,0.0028232621751606668,0.05861349736319019,0.00335243687073477,0.0005965875193890944,1358460547.2425568,4.7223798086651705
93,0.07216494845360824,0.00016436858942108298,0.058590142260737825,0.0005536498199735782,0.0,25043174.625294015,4.561442513529549
94,0.05472170106316448,6.270727608106438e-05,0.05859003992321404,0.0005491540506508763,0.0,33305814.891012836,5.160984695270876
95,1.6404692775625482,0.00113187516134406,0.05859933521351726,0.001542365713507127,0.0,575290518.649467,4.564584609906416
96,4.425136745688786,0.004881813902444395,0.058615661613197714,0.0031968687667973507,0.006848824722586804,1634556638.285937,4.747215473423216
97,6.196502600579405,0.012256190435214899,0.05862604945256805,0.004029791008146302,7.159050232669132e-05,2693540994.862071,4.790635850877158
98,4.534490073477486,0.010059440884389561,0.05861630438136253,0.0032964611732695564,0.00045340651473571174,1907022119.0075486,4.549852645191096
99,4.60434467041371,0.018656974343539124,0.05861671595847466,0.0032588552683164435,0.010141987829614604,1593304447.8978024,5.319449719502427
100,2.7589462376791327,0.0023931812077298046,0.058605895631455705,0.0020433679042461644,4.772700155112755e-05,636261074.0980287,3.669935874064607
101,2.48886731027215,0.0047922841787791225,0.05860431016772994,0.0020512731047358877,0.0007397685240424771,1127540980.9463449,5.062166064784302
102,10.952212674335124,0.23655133672888248,0.05865396146193416,0.005117810110777069,0.006490872210953347,4270038715.3384733,4.805537384106047
103,6.720423352907917,0.012373134810580074,0.0586291324385255,0.0038233891878790057,0.0035795251163345666,17701007978.734478,5.407664609344736
104,6.727166603057173,0.017218475101994344,0.058629169001957374,0.003989381904540227,0.0010261305333492425,16313428758.453966,5.224284226839464
105,4.146764951168853,0.002970199506394994,0.05861402632070281,0.0032259110049172547,0.0010977210356759336,1219219355.1513834,4.704904631071571
106,14.971620162885024,0.3251952627976696,0.05867753419066402,0.006552802267309693,0.0005965875193890944,4433148004.244553,5.112966937709264
107,0.4366812227074236,7.050922311451357e-05,0.05859227857718201,0.0010096977754922305,0.0,233140.78685352893,1.5407908142207418
108,10.4583187222838,0.023307191600255333,0.05865104571554453,0.005656047376581563,0.0013124925426560078,7439997446.366476,4.6641903833088785
109,0.7226613232181837,0.0010346397243436829,0.05859395520047734,0.0010660685124492583,0.0,67972655.65989104,4.394983764113689
110,0.7408901950331562,0.0006570333577715158,0.05859406273205401,0.0009527202233920503,0.0,474391541.46528053,4.556117538090753
111,1.1148318098893326,0.001416708756829343,0.05859625583243394,0.0011310886054279536,0.0,279622798.401843,4.221674090996087
112,0.5352381024850844,0.00017226446791331637,0.05859285581019122,0.0009387881718780588,2.3863500775563776e-05,24571271.568295207,3.9638499977548864
113,1.3714925362676784,0.0027453206415677758,0.05859776114922128,0.0012721833212598526,2.3863500775563776e-05,246787898.88849682,4.180629290212709
114,0.2217963073712606,8.06121265391976e-05,0.058591019090132,0.000665359055593508,0.0,10947061.743795611,3.515516423733814
115,0.5000787350467448,0.003405718908445853,0.05859265125569227,0.000789584980237752,4.772700155112755e-05,187211614.52077323,4.21939546728809
116,0.35153898615715595,0.00012246296558324186,0.05859177974749741,0.0007999643699042626,0.0,11945622.45854491,2.646431405301382
117,1.4590728235117065,0.001889629326279215,0.058598272778341655,0.001322204705587915,0.0,1134620715.2155163,4.489522269019466
118,0.1881592107030874,0.0002075626754524799,0.058590822198488754,0.0006742655381651247,0.0,36840533.77628794,3.9554412178233878
119,0.12569832402234637,0.0003173251087238938,0.058590456279716034,0.0005778193169669495,0.0,26248611.90425717,3.2891870746278498
120,14.221405411156567,0.04696689150098663,0.05867313242327959,0.006884896552911585,0.0022908960744541223,1670469949.078552,4.321585910470852
121,7.733680118504746,0.016016641570508684,0.05863507725590957,0.004164223711724048,0.0005011335162868393,11325179601.661337,5.081112328315039
122,3.2423464610926325,0.0051726459925133216,0.058608726358700784,0.0024331503077407173,0.0016704450542894644,2956622930.2505274,5.153501443584329
123,15.420047110438317,0.30024075376610254,0.058680161407489,0.0070372365880598245,0.002887483593843217,12576475513.073711,5.646742742163872
124,14.010122121722024,0.27191234753014215,0.05867189524282001,0.00640671242168268,0.0003102255100823291,9544283890.440475,4.958085642554545
125,2.727476663011729,0.0024354550785558597,0.05860570744093064,0.002300129913242337,0.00107385753490037,1280489834.1841316,4.6945284269293515
126,5.759462282321076,0.014080085367073534,0.05862349338827729,0.003603076455133896,0.0,9475511910.490196,4.665108782296807
127,0.7204572680512026,0.00015699248423934866,0.05859394118879733,0.0011296642070291484,0.0007159050232669133,72917521.23158869,4.95196650443088
128,14.503410511296517,0.02840529480694381,0.05867477608840681,0.007338077752858479,0.009784035317981148,35313902269.540405,5.811577339948711
129,4.160954110123091,0.004585136646038735,0.05861411458404938,0.0030402048827088326,0.01345901443741797,1433085349.200498,4.880572598987039
130,5.236341867685245,0.015013856833000874,0.05862042450990032,0.0033171947969220586,0.00011931750387781889,9847989729.23605,5.223937763892156
131,3.8439777260923,0.004387111875392384,0.05861225414588726,0.002995726366624223,0.006538599212504475,1590704657.7185135,5.270152234333781
132,3.7086710893012174,0.007322537255754165,0.058611470260336515,0.002295760431100448,0.0,4990934867.203161,4.399098801841766
133,8.697787302086615,0.015414243094337731,0.05864072553295283,0.00494955261279826,0.0016227180527383367,18472924226.87798,5.3864802943138566
134,12.213041686293053,0.25357762157355823,0.05866135134043931,0.0057571382403296,0.0011454480372270611,3171559239.7903686,4.448304649111562
135,0.8392410211232693,0.00015484853154598704,0.05859463783247181,0.0014394993605451073,0.0,7062754.224234498,3.13726116498697
136,3.266610866075227,0.018332571010766494,0.05860887335430259,0.0022106609202664548,0.002696575587638707,3049853742.9397483,4.920467988087419
137,8.467959962980512,0.010026341317337607,0.05863936709961024,0.0053404553798054024,0.0037704331225390767,7229793400.861909,5.294680518229838
138,2.424062878983517,0.002224248361193941,0.05860393022783653,0.0019462233961236575,0.003102255100823291,1729917182.6014977,5.379789596157603
139,5.864117222926358,0.00527478334268675,0.05862409590712221,0.0041120395670758685,0.0015749910511872092,2360731738.167169,4.48876054797144
140,3.418653483856557,0.007171017143701174,0.05860976971096216,0.0026454059349042052,0.012814699916477748,7450560166.708865,5.8281395124350865
141,4.316266831111959,0.005840630960391858,0.05861503148359818,0.0028555773351890534,0.00040567951318458417,1630501468.030729,4.512096323687001
142,1.2393383426061348,0.0012399844700357776,0.058596984712826185,0.0015712381029011411,0.002052261066698485,410929514.2170805,4.433060966768117
143,3.5818019249963258,0.0034719080069345585,0.058610715912178576,0.002778708814422516,0.0001909080062045102,4429521481.245331,5.375710416790454
144,10.807312380855924,0.02318609393082906,0.05865310381101906,0.00602363641720706,0.011191981863739412,24611630501.213276,5.802419634768637
145,9.722799293838575,0.02528060170230226,0.05864673652089372,0.005192929682696525,0.01150220737382174,3285040495.1205735,5.273200430318521
146,12.532559776787773,0.02315516899457057,0.058663216677012055,0.006417366107269084,0.0018374895597184108,14615903704.73424,5.690774508633302
147,0.9237325989481578,0.0002970594447638861,0.058595133668793827,0.0012988301063405852,0.0,39343624.7245358,3.0808266176648833
148,9.107845843382053,0.016579740363723745,0.05864313043166029,0.0052546068826589635,0.009187447798592053,6725136653.49112,5.56438780095948
149,5.701795594156185,0.003041971136795646,0.058623141202217545,0.004400864201972431,0.002052261066698485,1955207618.3544981,5.829828329426274
150,9.588741057245525,0.016731987355058885,0.058645943108664826,0.005950118763976033,0.003173845603149982,8923136143.593117,5.5833859255097265
151,1.2845250854632004,0.0010279264644997527,0.05859724856037662,0.0015045222287815027,0.00014318100465338264,331168639.38744634,3.875967236776622
152,13.651961755541004,0.04678239174097779,0.05866977728961543,0.00733461667704839,0.0032215726047011097,23103018384.247284,5.494793853243053
153,12.66608450618166,0.025075898090284283,0.05866399808853205,0.006794128990334389,0.013554468440520225,17081950381.987741,5.6416954605534615
154,3.018563662072868,0.02234138395155546,0.058607419213795656,0.002031293061252186,0.0011812432883904068,2368664592.9450083,4.828217879125727
155,2.2306400059156473,0.0018994878793016216,0.05860279404430741,0.0020787844448485414,0.0011454480372270611,604778960.634163,5.449010020988319
156,3.0587124437433078,0.0030190998638054147,0.0586076518167458,0.0023426117018949875,9.54540031022551e-05,1719944575.5535514,4.519970096917747
157,9.58480694767428,0.004153919107135469,0.05864590255422632,0.006643135492909896,0.003078391600047727,1791479946.6469815,5.10953221402655
158,10.259079319839692,0.014034631189946193,0.058649874961597306,0.006089551260797674,0.0028636200930676533,17602511590.145496,5.036938536933641
159,5.010098881274265,0.015978851773879525,0.058619093769797605,0.003148066060715362,0.0007397685240424771,1403314858.1381848,4.668688081009641
160,3.3296107002634225,0.004276205784703833,0.05860924134747226,0.0023730060901786232,0.002255100823290777,4114345725.7618337,4.831471406529114
161,3.1806615404835457,0.007177858638482395,0.058608370816201134,0.002138166243928403,0.0010977210356759336,5997052617.518201,5.32729097656417
162,10.914467117009144,0.03900984638765216,0.05865371867336049,0.006410344120313067,0.0070158692280157505,35256546798.1448,5.909505112757407
163,9.998972554178195,0.028429518435927448,0.058648361210728195,0.005325312880047911,0.0036033886171101303,14673646091.62126,5.742636178925843
164,3.519452053995807,0.0022029608580399177,0.05861034934290018,0.0028475727357062334,0.0023624865767808137,1932947383.2384677,5.386751704797525
165,0.8030286735247726,0.00041679282150019196,0.05859442587013987,0.001185926413319795,0.0,87997759.08014101,3.4409714170319914
166,0.49872068812162595,0.0002248963750422043,0.05859264212177385,0.0008798126962847783,0.0,66039412.27087559,4.382226684129439
167,7.102249562009933,0.01296846094854491,0.05863136710918585,0.004385142884771341,0.0055124686791552325,4395652185.239224,5.536707369165586
168,11.57800220322602,0.022428616314332434,0.05865761382261709,0.0066252049647419495,0.017778308077795013,24237536829.359158,6.1203565149705375
169,0.5426904346877085,0.000698691393351481,0.058592900281039965,0.0008842561273101907,0.0,52387501.07769535,3.788976832753798
170,5.339661494267264,0.008197387844127114,0.05862103076543158,0.00346236927811146,0.001384083044982699,6857588713.568045,4.584784096645266
171,14.68942840803036,0.044974121319114733,0.05867587288123789,0.007392032062112574,0.00044147476434792986,2573372051.5624137,4.183810118115448
172,0.5221606894270823,0.0005893284575107481,0.05859277995111546,0.0009603929915706796,0.00026249850853120153,58012723.429619096,3.8354786826900655
173,1.049000522276358,0.0007358149893713298,0.05859586778675725,0.0013593461487572444,0.002028397565922921,123490001.9934383,3.5999216166836283
174,3.9216936686906454,0.004038107213358096,0.05861271216189683,0.002792172462604172,0.004438611144254863,2656864090.4823265,4.905723051521496
175,5.846389507526628,0.01815612316797908,0.058623998590681604,0.003838844262409027,0.0024102135783319414,2972714638.661566,5.470728590419969
176,1.6986640817260223,0.002676033300418877,0.05859967859112847,0.0015064542228268882,0.012098794893210835,776776063.2084868,5.2429047800464605
177,1.9153276387807359,0.002021441275076505,0.05860094817148258,0.001649885544623975,0.0014318100465338266,1505606355.501038,5.6442728850881645
178,7.507443789256887,0.047442497138956964,0.05863373965439189,0.004391344179574622,0.011645388378475122,6933264000.998122,5.643260240298879
179,3.7573815383518565,0.003932785561129203,0.058611747969046044,0.0028604956226088952,0.004056795131845842,5573721172.277328,5.52154741364916
180,0.5175635949273238,0.0002501440989852654,0.058592752783358154,0.0010630958954763615,9.54540031022551e-05,22101847.034450375,3.6849440652538865
181,13.648275003008655,0.04824955571434175,0.05866976286046075,0.00705981967307256,0.016465815535139004,5364749647.567685,5.42113580444466
182,12.972804224210496,0.20946468704823207,0.05866580054557649,0.006178413644640691,0.010261305333492423,13773962811.521572,5.922754620645787
183,5.359464952259873,0.0075748554739412674,0.058621138226162293,0.003875028592339143,0.0014079465457582628,1218861688.86127,4.4121775306523245
184,13.550823487876928,0.24770852853806508,0.05866919444249299,0.006325842627408976,0.009115857296265363,7564776215.412337,5.193494383709836
185,13.260693909568879,0.021743169000294025,0.05866748302889375,0.0073875523496415695,0.025557809330628803,20595453268.126534,6.202615012685972
186,2.480614150440114,0.002199022294800066,0.05860426042470643,0.002141852456493364,0.05152129817444219,2093549124.0094543,6.307516257142077
187,11.25620446475659,0.025789244813474832,0.058655737049782525,0.0064105744086542585,0.008161317265242812,20699976914.948753,5.60759180850523
188,7.313785805320642,0.01313048975992688,0.058632609697035695,0.0040710388763142355,0.010165851330390168,13665853489.762032,5.55503453515264
189,4.698740214310362,0.001954077305585366,0.058617262962732015,0.003834214916616386,0.004557928648132681,1387853669.8857305,5.015258919562405
190,0.8660733888014577,0.0014616147745875393,0.058594796988008735,0.0010912396318788489,0.00026249850853120153,810486424.7250637,4.556583232670315
191,2.0690792128721918,0.005521840907473785,0.05860184931648334,0.0017996624839906842,0.0010022670325736786,447206614.1663389,5.035318060172222
192,5.328113494219693,0.004361710525540216,0.058620957812619764,0.003616924227300461,0.002887483593843217,2747627359.2535434,5.400687158672518
193,6.971026376603729,0.04281036836275503,0.05863059205773133,0.004125195731928028,0.004724973153561627,9550965099.01143,5.295332275655983
194,3.7068698190025455,0.0024310523086152423,0.05861144880511286,0.0028574532278592083,0.0032454361054766734,1867445704.7517843,5.162650680216501
195,3.442362454173619,0.0066775122537946615,0.05860990239811371,0.002404942698374698,0.03312253907648252,4200817094.550089,6.5589180155368085
196,7.993407562192763,0.01085062087011171,0.05863659037478573,0.004718950228897383,0.0035556616155590025,9142577266.368639,5.416662362959808
197,14.169880087526016,0.026595431060284995,0.058672818965962055,0.007602797970160462,0.01913852762200215,23538298780.64073,6.079307777566887
198,13.207488431129867,0.02281449278672621,0.05866717116777723,0.006989660142636936,0.055244004295430145,37453513355.48891,6.358404012758575
199,4.897292134292177,0.011768723235732758,0.05861842986992641,0.0031772980943389362,0.016919222049874717,2130750950.5819547,5.501680422375429
200,9.729755122152657,0.022569063259540282,0.0586467721903032,0.005825111624035535,0.0020999880682496122,3427070816.5492034,5.157279598421537
201,10.275476633060952,0.026420043286782477,0.05864997916399861,0.005588787994125733,0.002672712086863143,5864892796.20454,5.418681042292147
202,6.094669687296851,0.009972736705717486,0.05862545410491073,0.004000713129643405,0.0,6184235603.794673,4.9986403230132
203,6.588329409382584,0.018916359740342913,0.05862835880790224,0.00371646598892242,0.017897625581672832,14427813167.502369,6.181560277212441
204,4.738685115787132,0.0017651047290567644,0.058617496132251916,0.0036585559304505673,0.0026011215845364514,2296880436.3952556,5.662658366140399
205,2.082970005843051,0.007106838952941333,0.058601932868863185,0.0016982228704258391,0.0003102255100823291,507314467.6591245,4.790740902612449
206,6.462455274352118,0.006136112020343432,0.0586276073704745,0.004223258791443186,0.033098675575706955,11258901974.804974,6.386923204698641
207,4.281390141672093,0.001479510714001273,0.058614814679287114,0.003593227173711665,0.018661257606490872,1507502718.5468857,5.5837919014439725
208,2.9825097415663087,0.0041548456502793546,0.058607202827086945,0.0029478227662062696,0.009569263811001075,1331728157.2309887,5.3795295127209455
209,3.8207885038844247,0.006364115899606916,0.058612119421863576,0.002924361119447704,0.004080658632621406,3966572176.76068,5.575502119350624
210,9.354732523880237,0.008607033351445437,0.05864456532881884,0.005770300357238638,0.014890824483951796,5973985683.005693,6.3067843125474115
211,4.342104983136241,0.0019528271667540588,0.05861517139600362,0.003480025233171602,0.0028158930915165256,1378804427.4577196,4.958081599242555
212,12.000936054158744,0.2216116113194352,0.058660106667614224,0.005833017454404932,0.004820427156663883,6794591683.950142,5.1165205050063545
213,4.512778189412255,0.030943184586110194,0.05861617863899337,0.003065945790520017,0.009020403293163108,4253466076.5743246,5.686479814056457
214,14.827038734750333,0.03518820713785777,0.05867667852894483,0.007358901497841462,0.022479417730581076,28254508985.296772,6.176845279353668
215,6.110932960105966,0.009192179584405309,0.058625547272515635,0.004539456629615787,0.015582866006443145,2435352618.718941,5.0305663311128255
216,3.2474885798175883,0.0036996099079556312,0.058608759053758765,0.002581533446575815,0.0008829495286958597,3458607564.457532,5.1203053148293876
217,10.597056023294519,0.05017195191727444,0.058651858104075257,0.0060709548659524815,0.003078391600047727,8198033916.729974,4.750802541548046
218,3.392811329418987,0.002360655982630189,0.058609609272067986,0.002517528351073612,0.001169311538002625,1682734713.396037,5.3159510690594125
219,8.149502700803373,0.014951326185299997,0.05863749830261279,0.005113761239354979,0.0036511156186612576,7425206210.497198,5.382943917410939
220,9.984537649836719,0.016674223919792803,0.0586482675360495,0.006053524425978198,0.03503161913852762,14806362006.550512,6.305927274624366
221,4.8001541203019,0.005230001369539224,0.05861786323835464,0.003248624623700359,0.004462474645030426,5116063041.229232,5.7493838984773165
222,7.498697488076483,0.00673579794604481,0.05863368121818671,0.005049209289373288,0.0028636200930676533,3767121430.4804306,5.452315497196984
223,6.6889992301710395,0.05092170725441687,0.05862894236209543,0.0040233023658371924,0.008566996778427396,6317358543.546195,5.056839206104634
224,7.244380799275639,0.011223818522983852,0.05863219665530885,0.004608759185111548,0.013315833432764587,10597981099.028292,5.472809115619965
225,10.892363553016578,0.0232681650089632,0.0586535978919224,0.006512967561711123,0.06526667462116693,19749791455.17384,6.799723188775347
226,2.3305820769122336,0.002392966078021051,0.05860338099030038,0.0019184349613135942,0.00023863500775563777,1258487838.0798364,4.795124316582305
227,11.191081337359313,0.08422843773314379,0.05865534231809217,0.006421161930162191,0.0022193055721274313,11404191950.934004,5.483219903710193
228,4.2767854379207275,0.004690226456322076,0.058614790221615656,0.003173180806657264,0.036010022670325735,4389902034.188564,6.057973866739654
229,3.5359283630864327,0.003924354794981756,0.05861044879402415,0.0026726398965940864,0.014365827466889393,1228473396.0412824,5.036232646504548
230,6.542142421880724,0.006987665720618354,0.05862807929421444,0.004436358505824344,0.026607803364753612,5182298497.726168,5.756176284486186
231,4.5883939405964815,0.006673669962299787,0.058616625156395326,0.0029175601382732848,0.003293163107027801,1547269064.6111212,5.442179761987375
232,4.603880082169082,0.005244267233312154,0.0586167100035172,0.003505310809707048,0.004343157141152607,3096301302.5008144,5.294348928201016
233,4.356766565220103,0.00469325082924677,0.058615263639009624,0.0028982595444317204,0.01606013602195442,6543941398.875362,5.763548977548421
234,1.7884376933984052,0.0015018286773724671,0.05860020286756456,0.0019258016521117867,0.0,437437191.4843071,3.945236370331734
235,3.344127882227952,0.002427298607331487,0.05860932555061474,0.002477683456606799,0.0,765828784.2963768,4.403089001045251
236,4.470119672379249,0.0024198560667623137,0.058615921854261704,0.00430031091325198,0.017969216083999522,2951359980.2999787,5.542279097829587
237,7.384855737296657,0.010032759536946656,0.05863301353054822,0.004961187719566281,0.0006204510201646582,8219267435.328445,5.3392918826222
238,3.095192476411916,0.00225527897339312,0.05860786376719561,0.002499991319871597,0.0007636320248180408,728025309.605707,3.9614388969342804
239,0.6702607347033231,5.3846910242598044e-05,0.058593647170603294,0.0018752916180186324,0.007421548741200335,2890469.48582588,3.89832469349881
240,11.282616336149443,0.013184366824170684,0.05865587127901325,0.006827571570336883,0.023219186254623554,19304589206.7766,6.066195822683188
241,3.4788595340038397,0.004611691535513467,0.058610112229333086,0.002721488700540924,0.05245197470468918,3207352622.329489,6.393190757906853
242,8.546275975314511,0.00657824603900339,0.0586398254437725,0.005628146394395301,0.00126476554110488,6038943698.243793,5.766389789285866
243,3.2647662758965033,0.003231300251087597,0.05860885924221649,0.0025568229901631444,0.0005011335162868393,1794143054.883068,4.809766587619971
244,3.5001719107144105,0.005059694709026345,0.05861023930929089,0.0026313788179872467,0.005774967187686434,2115328898.7912493,5.4996592443694645
245,6.97388150115485,0.016734854545870387,0.05863060474272748,0.004428571688657295,0.025915761842262262,10590117828.144066,6.260903144316489
246,2.435529029876371,0.0028636050158524127,0.05860399616723781,0.0021770391767309437,2.3863500775563776e-05,901808259.5682282,4.157352493821395
247,5.934337316768553,0.010452177255990378,0.058624509073893286,0.004010885836662587,0.02438849779262618,5441339902.65273,6.366108259975468
248,3.162832775624727,0.005379075398928624,0.058608261866677086,0.0023036343127876002,0.0010261305333492425,2008858492.9447377,4.823608463943438
249,8.626024461450719,0.03317673237468958,0.05864029209457536,0.0055769653497908704,0.03517480014318101,12127647502.441717,6.420154213421139
250,8.880872698799628,0.014135398804449827,0.05864178952152827,0.005513982996307187,0.06519508411884023,33947217619.197884,6.648717412237372
251,7.629275024096221,0.008373868974851489,0.05863444444521705,0.005337101720383824,0.012313566400190908,8861940619.045532,5.187532085217023
252,4.258551128146795,0.005321060304400924,0.058614685389033,0.003126093099638099,0.0005249970170624031,6606008918.027631,5.296948290156417
253,9.961799315138745,0.03689382625108446,0.05864812358591812,0.00607907216440768,0.011669251879250686,5755013998.093951,5.655219888728752
254,3.258530597007651,0.010559779567127926,0.05860882175365223,0.0023683148080646133,0.03216799904545997,5318480321.470839,6.163220321003789
255,6.910049552909399,0.008479248456198563,0.0586302357526552,0.004308280211313351,0.0040090681302947144,9611088171.932241,5.640884133388162
256,6.672085158752523,0.02026572885430207,0.05862883753371191,0.004103932698073946,0.054886051783796685,13396581482.344933,6.666449088741771
257,6.192389082644587,0.008379285557664979,0.058626019637471785,0.004464630603156322,0.003078391600047727,5155479450.616221,5.014424365089835
258,2.597130571891469,0.0018698130801932241,0.058604944316091284,0.002047621376331206,0.0007397685240424771,867084743.4777344,4.600425694292529
259,3.534369010785302,0.006677061595672585,0.05861044158340614,0.0024784722311187186,0.027705524400429542,2950512801.740588,6.2807320631150905
260,3.175713171187767,0.0036160718890832287,0.05860833458173227,0.0026152790778245253,0.00126476554110488,1611392889.3461833,4.766295001722189
261,5.018884106818874,0.006297219856782125,0.05861914260781084,0.003651861388418969,0.005631786183033051,5559467249.579299,5.8733460803265904
262,9.271082253534015,0.023412466890477702,0.05864406833743589,0.006198696436913305,0.043646342918506144,12190149281.281092,6.161250786192524
263,8.343677568265543,0.008693774881065727,0.058638639618624956,0.005165204069273894,0.006490872210953347,7787399230.724202,5.927727414944975
264,2.2378536103042617,0.004210193487201899,0.058602836765396356,0.0023812477178813676,0.001288629041880444,912251436.6515996,4.55044174743511
265,6.218632699411991,0.02049315463924067,0.05862618148465369,0.0037563247861400013,0.03865887125641332,26168373670.56259,6.511949532095829
266,2.461422537573367,0.0019244364712591693,0.058604147394094905,0.002261009260617436,0.013053334924233386,2466081861.115394,5.735438369609118
267,10.05933140573827,0.011707040737424592,0.05864869371606132,0.00695820140864136,0.11208686314282305,26267762427.477417,7.192152786657734
268,1.1819836792381333,0.00037209430677436313,0.058596645698428526,0.0017188106584245138,0.0016704450542894644,46302414.17748363,3.63207811467838
269,7.959909536887026,0.0070731450574416386,0.058636383479517294,0.005444902741180103,0.0014795370480849542,3758816066.497808,4.8434162943928145
270,7.124369604038939,0.0067721264365940325,0.05863148620841689,0.004792718856347459,0.007803364753609355,3550412195.316894,4.595488632029681
271,6.286312187083265,0.021757827649065125,0.058626576668452404,0.004115310302614922,0.02749075289344947,8220995265.222527,6.422171405813475
272,5.743531846001889,0.023371498223391754,0.05862339827792785,0.003400098133561855,0.06941892375611503,6348363654.081757,6.337312898383813
273,8.594365186743133,0.008391592394265596,0.05864010545572406,0.005587069686264232,0.013244242930437895,5966181570.926939,5.688476007237233
274,8.255227578504032,0.02252033210557713,0.05863811671515612,0.0051927065303509915,0.008829495286958597,10330788329.036558,5.79293341174417
275,3.6172725466236937,0.0027186299967471806,0.0586109229298113,0.0028911905746458718,0.04818040806586327,4043943420.649992,6.28239420958426
276,8.161475456747418,0.15046119286422863,0.058637586469396284,0.004088904664137123,0.009091993795489799,6931986525.835318,5.665580110290833
277,6.903795593580238,0.008188609652524522,0.05863019892126744,0.004456616469876042,0.0032692996062522375,11729795089.98272,5.926243719467208
278,8.07552840947499,0.011647669902712184,0.058637068056522024,0.005055795942515789,0.02135783319412958,11755141826.4443,6.189554660257265
279,1.2027035287083763,0.0011800973324755377,0.05859676999317927,0.001293543129479698,0.002457940579883069,667991171.0913945,5.034202842066271
280,4.143175519190718,0.006822386821660025,0.05861400768663238,0.0034142615137105706,0.02963846796325021,4119207801.756525,6.100166964882139
281,4.299596097746511,0.008713543915285957,0.05861492427380667,0.003298369825813067,0.012743109414151056,5007414487.187674,5.282319229902159
282,4.684547559967367,0.00383160743685274,0.05861717936335296,0.00339784379900883,0.013649922443622479,4974704460.834777,6.0910914793368285
283,4.611061950630997,0.0033234721785374115,0.05861675108585096,0.003521857129880215,0.05056675814341964,4135028618.9813023,5.942208595613773
284,4.059587679168138,0.0007235171673980988,0.05861351089868416,0.005780714889097305,4.772700155112755e-05,62982327.164769545,4.032506035649599
285,1.6169732055269062,0.0038936148812110803,0.058599197832251954,0.0018979996862210319,0.00016704450542894643,718819657.9044002,4.408683625692144
286,8.519626844381374,0.008530433303885017,0.058639666393731554,0.005325548259828666,0.07999045459968977,13861996735.733358,6.772336908928665
287,7.743575785870473,0.0051263177957644405,0.05863511205496411,0.005831185087588616,0.019424889631308912,7386911181.251837,6.108678449660641
288,4.5192762800003985,0.005786652363320442,0.0586162132531279,0.0038122781336858416,0.025271447321322037,7127228069.39019,6.228962090540109
289,4.246152257464553,0.00164939190619318,0.05861460586996443,0.005633457226983419,0.008566996778427396,183875373.43080083,4.709397792799623
290,0.0,0.0,0.05858971898779011,0.0005169739789763916,0.0,1.0,0.0
0,1.7234848484848484,0.00036207898108211057,0.0585998199565072,0.0018342624491033232,0.0,45991644.15399393,2.71086002828203
